MES,UNIDADES_VENDIDAS_TOTAL,UNIDADES_VENDIDAS_VIP,UNIDADES_VENDIDAS_VIS,UNIDADES_VENDIDAS_NO_VIS,UNIDADES_DISPONIBLES_TOTAL,UNIDADES_DISPONIBLES_VIP,UNIDADES_DISPONIBLES_VIS,UNIDADES_DISPONIBLES_NO_VIS,UNIDADES_LANZADAS_TOTAL,UNIDADES_LANZADAS_VIP,UNIDADES_LANZADAS_VIS,UNIDADES_LANZADAS_NO_VIS,AREA_VENDIDAS_TOTAL,AREA_VENDIDAS_VIP,AREA_VENDIDAS_VIS,AREA_VENDIDAS_NO_VIS,AREA_DISPONIBLES_TOTAL,AREA_DISPONIBLES_VIP,AREA_DISPONIBLES_VIS,AREA_DISPONIBLES_NO_VIS,AREA_LANZADAS_TOTAL,AREA_LANZADAS_VIP,AREA_LANZADAS_VIS,AREA_LANZADAS_NO_VIS,VALOR_VENDIDAS_TOTAL,VALOR_VENDIDAS_VIP,VALOR_VENDIDAS_VIS,VALOR_VENDIDAS_NO_VIS,VALOR_DISPONIBLES_TOTAL,VALOR_DISPONIBLES_VIP,VALOR_DISPONIBLES_VIS,VALOR_DISPONIBLES_NO_VIS,VALOR_LANZADAS_TOTAL,VALOR_LANZADAS_VIP,VALOR_LANZADAS_VIS,VALOR_LANZADAS_NO_VIS
06/01/2004 12:00:00 AM,2204,624,729,851,12604,3273,3094,6237,2136,799,575,762,161445,30843,45120,85482,991465,159748,188604,643113,137699,36881,34403,66415,179057,14579,30672,133806,1288183,74934,132384,1080866,134962,17158,22525,95279
07/01/2004 12:00:00 AM,2539,823,800,916,13226,4013,2911,6302,3157,1563,617,977,189688,39680,48804,101204,1015645,185014,177804,652827,213425,64946,38004,110475,228625,18690,33761,176174,1317737,88973,125865,1102899,240779,32504,26282,181993
08/01/2004 12:00:00 AM,2917,1097,923,897,13717,4211,2800,6706,3408,1295,812,1301,194922,53508,59320,82094,1047722,189301,171396,687025,226999,57795,52912,116292,177667,24097,37824,115746,1378824,91421,120346,1167056,232316,26344,31491,174480
09/01/2004 12:00:00 AM,3036,1309,790,937,14024,4577,2632,6815,3338,1675,622,1041,206389,61642,50271,94476,1061858,205352,161429,695077,219939,77693,40304,101942,209899,27964,32541,149393,1388409,98948,112012,1177449,214316,35352,24133,154831
10/01/2004 12:00:00 AM,3201,1106,916,1179,13338,4034,2075,7229,2515,563,359,1593,228420,52938,56746,118736,1045215,177437,127021,740757,211777,25023,22338,164416,264814,24569,37707,202538,1457812,87241,92260,1278311,324537,12364,17711,294462
11/01/2004 12:00:00 AM,2764,987,874,903,14094,3997,2761,7336,3518,950,1560,1008,190765,47093,53073,90599,1117429,183612,164906,768911,262779,53268,90958,118553,209036,22341,37685,149010,1591643,88605,120681,1382358,338011,23194,65492,249324
12/01/2004 12:00:00 AM,2232,804,814,614,13418,3501,2708,7209,1556,308,761,487,159654,38775,51171,69708,1086290,159074,161734,765482,128515,14237,47999,66279,175608,17644,33302,124663,1584363,77781,118445,1388138,163985,6751,31040,126193
01/01/2005 12:00:00 AM,2460,799,757,904,13007,3115,2739,7153,2049,413,788,848,176373,38074,46061,92238,1072958,142716,165657,764585,163041,21716,49984,91341,211868,18106,32242,161520,1585293,70889,120012,1394392,204151,10221,32960,160971
02/01/2005 12:00:00 AM,2389,779,700,910,12663,3260,2419,6984,2045,924,380,741,177962,38737,44279,94946,1057068,154755,146574,755739,162072,50776,25196,86100,207685,18050,30671,158964,1570287,75386,106163,1388737,190113,22572,16416,151125
03/01/2005 12:00:00 AM,2915,709,943,1263,12999,4085,2150,6764,3251,1534,674,1043,212391,34134,59610,118647,1059410,189718,129570,740122,214733,69097,42606,103030,245597,15848,41535,188215,1571609,94773,96335,1380502,240620,35198,31260,174162
04/01/2005 12:00:00 AM,2946,955,861,1130,13427,3906,2618,6903,3374,776,1329,1269,210779,46301,53909,110569,1103943,183723,164037,756183,255312,40306,88376,126630,244002,22594,37679,183729,1621920,96966,111106,1413848,288694,24732,52315,211647
05/01/2005 12:00:00 AM,2517,934,792,791,14314,4288,2651,7375,3404,1316,825,1263,174602,44677,50205,79720,1146567,203782,164255,778530,217226,64736,50423,102067,196499,21642,32775,142082,1639192,103488,111512,1424192,209963,27977,33699,148287
06/01/2005 12:00:00 AM,3273,906,932,1435,15641,4902,3076,7663,4599,1519,1357,1723,233571,41747,56922,134902,1230040,220213,191831,817996,317008,58142,84498,174368,282210,20690,38126,223394,1785761,113374,134752,1537634,418887,30169,59847,328872
07/01/2005 12:00:00 AM,3472,1217,977,1278,15092,4035,3432,7625,2924,351,1333,1240,240519,56323,61792,122404,1204593,183668,215299,805626,215108,19814,85260,110034,271069,27269,41584,202215,1758109,96093,151316,1510700,235891,9618,57618,168656
08/01/2005 12:00:00 AM,3686,1240,954,1492,14893,3989,3055,7849,3487,1194,577,1716,255149,56141,58819,140189,1186307,174263,191389,820655,236863,46736,34909,155218,306535,28358,42247,235931,1762008,93187,136655,1532166,305569,24118,27347,254104
09/01/2005 12:00:00 AM,3592,1392,947,1253,15438,4469,2950,8019,4137,1872,842,1423,249331,62127,59456,127748,1223428,199055,184694,839679,286452,86919,52761,146772,311123,32607,42373,236142,1825881,106712,129966,1589203,360118,44357,33507,282254
10/01/2005 12:00:00 AM,3478,1393,855,1230,15611,4133,3574,7904,3651,1057,1479,1115,230521,62145,51959,116417,1219297,176182,217370,825745,226390,39272,84635,102483,271854,33230,37894,200730,1825043,96226,153746,1575072,264948,22072,60107,182768
11/01/2005 12:00:00 AM,3678,1332,1054,1292,15885,4160,3419,8306,3952,1359,899,1694,252333,60108,64574,127651,1269420,188493,210841,870086,302456,72419,58045,171992,293033,31017,44780,217237,1900404,100075,146197,1654132,358107,34335,36602,287170
12/01/2005 12:00:00 AM,3236,1209,820,1207,15151,3448,3439,8264,2502,497,840,1165,228863,55641,50663,122559,1243230,156533,210801,875896,202673,23681,50623,128369,290424,29854,36587,223983,1913615,83361,146871,1683383,296904,13024,37126,246754
01/01/2006 12:00:00 AM,3575,1518,796,1261,16236,4414,3349,8473,4660,2484,706,1470,244858,68577,47093,129188,1269501,187999,206202,875300,271129,100043,42494,128592,301959,36375,35041,230543,1886047,104557,143571,1637919,261400,56194,30156,175049
02/01/2006 12:00:00 AM,3484,1326,764,1394,14782,3656,2799,8327,2030,568,214,1248,240642,58359,45295,136988,1168389,156380,168746,843263,139530,26740,7839,104951,296346,30921,33611,231813,1786108,89010,121717,1575382,180640,14587,10577,155475
03/01/2006 12:00:00 AM,4378,1702,1045,1631,14832,3760,2648,8424,4428,1806,894,1728,286427,74308,62161,149958,1163685,163383,160007,840295,281723,81311,53422,146990,346748,39165,46621,260962,1788481,92344,116912,1579224,336068,42014,41104,252950
04/01/2006 12:00:00 AM,3942,1386,933,1623,15136,3854,2828,8454,4246,1480,1113,1653,269392,62491,56348,150553,1156274,166832,159620,829822,261981,65940,55961,140080,330095,33150,40821,256123,1771814,93393,117243,1561177,298097,33727,41400,222971
05/01/2006 12:00:00 AM,3803,1101,845,1857,14158,3113,3068,7977,2825,360,1085,1380,280099,48385,49626,182088,1085670,135132,170579,779959,209495,16685,60585,132225,403566,26797,37387,339382,1670150,76677,128017,1465456,292806,9751,47454,235602
06/01/2006 12:00:00 AM,4514,1110,1224,2180,13391,2497,3074,7820,3747,494,1230,2023,313355,50955,66590,195810,1039054,103340,170251,765463,266739,19163,66262,181314,419271,27569,50138,341564,1662627,61196,128910,1472521,396241,12630,50654,332958
07/01/2006 12:00:00 AM,4550,967,1306,2277,13262,2375,2946,7941,4421,845,1178,2398,301260,42977,71173,187110,1035947,98069,163243,774635,298153,37706,64165,196282,387150,24770,55332,307049,1705868,58732,128364,1518772,411563,21983,52339,337241
08/01/2006 12:00:00 AM,4613,832,1364,2417,13917,3074,2788,8055,5268,1531,1206,2531,324769,35118,74673,214978,1067849,130322,154551,782976,356671,67371,65981,223319,479133,20092,59485,399556,1770241,77151,120688,1572403,524884,37952,51351,435581
09/01/2006 12:00:00 AM,4381,1084,972,2325,13507,2657,2574,8276,3971,667,758,2546,300746,48026,52199,200521,1053968,111733,141680,800555,286865,29437,39328,218100,443606,27296,41981,374329,1790135,66324,110269,1613543,444448,16562,30792,397095
10/01/2006 12:00:00 AM,4060,461,1400,2199,13526,2656,2595,8275,4079,460,1421,2198,298805,24096,77357,197352,1056010,112665,141996,801349,300847,25028,77673,198146,453286,13106,61422,378759,1813589,65987,113088,1634514,457012,11974,62490,382549
11/01/2006 12:00:00 AM,3813,656,1118,2039,12941,2303,2186,8452,3228,303,709,2216,263417,29057,61210,173150,1050729,95945,120348,834436,258136,12337,39562,206237,383284,16404,49127,317752,1893016,56957,96361,1739698,448384,7369,32151,408865
12/01/2006 12:00:00 AM,3338,600,1030,1708,13254,2245,2440,8569,3651,542,1284,1825,226944,26381,55129,145434,1073520,89309,133708,850503,249735,19745,68489,161501,320039,15381,44678,259980,1941924,55364,109428,1777132,358564,13788,57015,287761
01/01/2007 12:00:00 AM,3597,575,917,2105,14236,2370,2539,9327,4579,700,1016,2863,266834,25643,49969,191222,1135702,93752,136006,905944,329016,30086,52267,246663,420592,14297,40671,365624,2030069,57825,113229,1859015,491407,16552,43722,431132
02/01/2007 12:00:00 AM,3597,575,917,2105,14236,2370,2539,9327,4579,700,1016,2863,266834,25643,49969,191222,1135702,93752,136006,905944,329016,30086,52267,246663,420592,14297,40671,365624,2030294,57825,113229,1859240,491407,16552,43722,431132
03/01/2007 12:00:00 AM,3282,407,1012,1863,13156,1974,2208,8974,2202,11,681,1510,237064,19580,53620,163864,1070039,77739,120691,871609,171401,3567,38305,129529,377562,11074,45810,320678,1985364,48336,103804,1833224,306106,1469,35955,268682
04/01/2007 12:00:00 AM,3955,683,1170,2102,13609,1904,3074,8631,4408,613,2036,1759,279233,28359,60735,190139,1080472,77265,158090,845117,289666,27885,98134,163647,461570,16797,53393,391380,2016946,47768,137731,1831447,469273,16170,84915,368188
05/01/2007 12:00:00 AM,3393,653,811,1929,12841,1519,2500,8822,3188,756,425,2007,237990,29919,42459,165612,1041126,63602,126071,851453,222583,35017,20639,166927,394194,18350,38420,337424,2039633,40475,110164,1888994,377725,21784,17024,338916
06/01/2007 12:00:00 AM,3393,781,603,2009,12960,1401,2208,9351,3512,663,311,2538,236993,34026,29904,173063,1080973,60703,113077,907193,276840,31127,16910,228803,400154,21327,27836,350992,2189826,40496,101062,2048268,530458,21154,16278,493026
07/01/2007 12:00:00 AM,3178,803,426,1949,13341,1488,2358,9495,3559,890,576,2093,224731,34686,22147,167898,1099642,61627,119346,918669,243400,35610,28416,179374,386464,21451,20930,344083,2221498,41602,105648,2074248,399450,22715,24255,352480
08/01/2007 12:00:00 AM,3592,765,799,2028,13236,1830,2121,9285,3487,1107,562,1818,249681,33317,39910,176454,1101132,78681,108895,913556,251171,50371,29459,171341,406604,21237,36453,348914,2235871,52686,95085,2088100,408339,32289,25257,350793
09/01/2007 12:00:00 AM,3399,761,724,1914,13755,1627,2644,9484,3918,558,1247,2113,239205,35316,36581,167308,1137860,71662,131408,934790,275933,28297,59094,188542,404404,22534,31879,349992,2324468,47239,118660,2158570,483231,17085,54702,411444
10/01/2007 12:00:00 AM,2848,624,669,1555,13813,1588,2631,9594,2906,585,656,1665,197670,28807,34323,134540,1134705,69851,130893,933961,194515,26996,33808,133711,331145,18103,29534,283508,2351343,46583,118202,2186558,352414,17252,28753,306409
11/01/2007 12:00:00 AM,3208,639,910,1659,15160,1839,3036,10285,4555,890,1315,2350,223834,29291,47783,146760,1208041,80695,152257,975089,297170,40135,69147,187888,386131,18377,42962,324792,2456751,52730,138700,2265320,477180,24511,63004,389665
12/01/2007 12:00:00 AM,2715,581,574,1560,15621,2300,2859,10462,3176,1042,397,1737,190098,26736,29572,133790,1226645,97409,141739,987497,208702,43450,19054,146198,338629,17220,25606,295802,2516094,62840,131915,2321339,382334,27068,17642,337624
01/01/2008 12:00:00 AM,2733,538,769,1426,16815,2114,3485,11216,2686,282,594,1810,196193,25663,40309,130221,1340823,88271,179039,1073513,211640,14182,31699,165759,359808,16427,39368,304013,2837113,58265,174215,2604633,443003,9165,28547,405292
02/01/2008 12:00:00 AM,4095,888,1246,1961,16975,2675,2711,11589,4255,1449,472,2334,285150,38204,65717,181229,1367656,113992,137953,1115711,311983,63925,24631,223427,531614,23743,63548,444323,2992164,72659,139002,2780503,655967,37268,25899,592800
03/01/2008 12:00:00 AM,3184,498,1075,1611,16904,2189,2892,11823,3113,12,1256,1845,221540,22208,54596,144736,1377099,92796,145511,1138792,230983,1012,62154,167817,408590,14157,55822,338611,3157671,59440,152213,2946018,552667,547,68558,483562
04/01/2008 12:00:00 AM,3203,500,1091,1612,15983,1761,2681,11541,2282,72,880,1330,222767,21731,55189,145847,1325233,72929,140292,1112012,170901,1864,49970,119067,418039,13287,57775,346977,3099232,47880,142474,2908879,335215,1623,46996,286595
05/01/2008 12:00:00 AM,3400,546,1249,1605,15508,1455,2458,11595,2925,240,1026,1659,227304,23954,63727,139623,1306626,58428,129717,1118481,208697,9453,53152,146092,401584,15013,61811,324760,3122760,40621,135038,2947101,404477,7468,52878,344131
06/01/2008 12:00:00 AM,2349,515,606,1228,15054,950,2402,11702,1895,10,550,1335,167869,21517,32272,114080,1295844,37345,126169,1132330,157087,434,28724,127929,341298,13612,31951,295734,3194939,27330,131491,3036119,399940,321,27904,371715
07/01/2008 12:00:00 AM,2489,526,710,1253,15276,1208,2569,11499,2711,784,877,1050,167155,21197,37567,108391,1305989,48802,135929,1121258,177300,32654,47327,97319,314274,14448,40698,259127,3279596,34247,193433,3051916,330989,21333,49008,260648
08/01/2008 12:00:00 AM,2352,304,826,1222,15774,1541,2709,11524,2850,637,966,1247,167000,13211,42188,111601,1320522,62346,139780,1118396,181533,26755,46039,108739,322394,9017,43116,270262,3234790,48047,146085,3040658,308742,21407,46707,240628
09/01/2008 12:00:00 AM,2057,276,771,1010,16201,843,3647,11711,2484,-422,1709,1197,139861,11142,39271,89448,1344520,33638,180746,1130136,163859,-17566,80237,101188,263096,8012,40265,214819,3311794,25679,184295,3101820,325600,-14978,77784,262794
10/01/2008 12:00:00 AM,1915,262,581,1072,16755,1098,3879,11778,2469,517,813,1139,132552,10873,29464,92215,1374687,44142,192984,1137561,162719,21377,41702,99640,251864,7477,31016,213371,3388857,33463,191379,3164015,307910,15264,37797,254849
11/01/2008 12:00:00 AM,1884,303,536,1045,17661,1483,3774,12404,2790,688,431,1671,128831,12161,27207,89463,1430723,61067,188763,1180893,184868,29086,22986,132796,251961,8656,28166,215139,3528579,44459,191015,3293105,382760,19623,26578,336559
12/01/2008 12:00:00 AM,1373,311,443,619,17356,1376,3933,12047,1068,204,602,262,88562,13000,21965,53597,1407011,56227,198005,1152779,64849,8160,31206,25483,170111,8786,24298,137027,3429872,42868,203074,3183930,66692,7140,34814,24737
01/01/2009 12:00:00 AM,1793,184,709,900,17175,1377,4016,11782,1612,185,792,635,115205,7684,35118,72404,1387275,56660,201917,1128698,95469,8117,39030,48322,220415,5582,37404,177430,3389781,43889,207627,3138265,169469,6694,41685,121090
02/01/2009 12:00:00 AM,2356,398,905,1053,15979,979,3894,11106,1160,0,783,377,153095,16653,45357,91085,1298625,40263,194903,1063459,64446,256,38344,25846,283395,11340,48596,223459,3217872,32488,202600,2982784,101435,-40,42712,58763
03/01/2009 12:00:00 AM,2017,193,753,1071,16155,793,3817,11545,2193,7,676,1510,138021,8307,38892,90822,1312272,32218,191329,1088725,151668,262,35318,116088,268918,6037,40926,221955,3251330,26673,196771,3027885,290878,212,34422,256244
04/01/2009 12:00:00 AM,2297,201,1040,1056,16476,1287,3847,11342,2618,695,1070,853,148193,8774,53530,85889,1315264,54958,194645,1065661,151185,31515,56846,62825,280741,6333,58081,216327,3218879,40342,202737,2975800,236274,20330,63150,152794
05/01/2009 12:00:00 AM,2977,593,1184,1200,16323,1282,4129,10912,2824,588,1466,770,181649,24072,58961,98616,1294275,53168,201269,1039838,160660,22282,65585,72793,321498,16912,64804,239782,3200393,39247,212099,2949047,294366,15817,73960,204589
06/01/2009 12:00:00 AM,3476,469,1506,1501,15136,909,3778,10449,2289,96,1155,1038,215155,20127,74042,120986,1225212,37457,186269,1001485,146092,4416,59042,82634,385238,13944,84565,286730,3090376,28937,199796,2861643,258961,3634,71700,183628
07/01/2009 12:00:00 AM,3634,537,1525,1572,14770,1611,3220,9939,3268,1239,967,1062,228539,23373,75889,129277,1199262,65052,158612,975598,202589,50968,48232,103389,429434,16778,83996,328660,3038440,47709,171470,2819260,362986,35545,54085,273356
08/01/2009 12:00:00 AM,3508,652,1340,1516,14248,1582,3214,9452,2984,623,1332,1029,221668,28204,66387,127077,1164670,65992,161361,937317,186988,29144,69047,88797,411897,19546,73615,318736,2965963,46312,176009,2743641,325387,17499,77401,230486
09/01/2009 12:00:00 AM,5182,905,1294,2983,13936,1465,2915,9556,4872,788,997,3087,333806,39261,63536,231009,1149295,61441,146087,941768,318519,34710,48350,235459,653699,26990,70888,555821,2945909,42920,162041,2740949,626309,23598,56679,546032
10/01/2009 12:00:00 AM,3793,845,1036,1912,14822,1638,3574,9610,4679,1018,1695,1966,244886,37113,52306,155468,1188723,69916,183625,935182,284314,45588,89844,148882,497970,25722,60216,412032,2981362,46057,195653,2739652,505707,28683,92558,384466
11/01/2009 12:00:00 AM,3633,864,1239,1530,13900,1062,3613,9225,2711,288,1278,1145,219088,37919,62840,118328,1125295,44901,183006,897388,155660,12904,62221,80534,395192,23784,72365,299042,2873399,31697,193344,2648358,274093,9423,69147,195523
12/01/2009 12:00:00 AM,2439,484,858,1097,14025,579,3877,9569,2564,1,1122,1441,155721,21038,43674,91010,1143039,23896,198864,920279,173465,33,59531,113901,320639,13304,49342,257993,2941024,18413,205119,2717492,378576,35,60951,317590
01/01/2010 12:00:00 AM,2988,419,990,1579,15439,1439,4400,9600,4219,727,1723,1769,204664,18152,50855,135657,1210438,63569,230828,916041,263119,33709,89062,140348,449360,12596,60543,376222,3063592,51887,258880,2752825,543850,22915,105926,415009
02/01/2010 12:00:00 AM,3365,293,1323,1749,13776,1059,3683,9034,1702,-87,606,1183,227853,13378,68644,145831,1111702,46929,192977,871797,129117,-3262,30793,101586,489661,6880,81610,401171,2900220,39329,218621,2642271,309692,-5769,40257,275204
03/01/2010 12:00:00 AM,3886,630,1788,1468,13259,1171,3319,8769,3369,742,1424,1203,252149,30292,95275,126582,1066500,52715,169853,843932,206947,36078,72151,98718,482593,19772,104598,358223,2816487,44163,198573,2573751,376754,24095,83018,269640
04/01/2010 12:00:00 AM,3463,554,1358,1551,12439,1002,3097,8340,2643,385,1136,1122,228332,25237,69392,133703,1013446,44885,161472,807089,175278,17407,61011,96860,483164,19262,83091,380811,2730746,36137,190015,2504594,382806,11952,73472,297382
05/01/2010 12:00:00 AM,2883,514,1052,1317,12128,990,2873,8265,2572,502,828,1242,191789,22537,53390,115862,990459,42937,149279,798243,168802,20589,41197,107015,425572,18160,64832,342580,2708828,36104,178604,2494120,393156,18138,53394,321624
06/01/2010 12:00:00 AM,2845,477,1012,1356,11265,745,2445,8075,1982,232,584,1166,192522,20092,50090,122340,929795,32356,126232,771207,131858,9511,27043,95304,479351,17651,62307,399392,2624360,27073,151005,2446282,378252,8624,34646,334982
07/01/2010 12:00:00 AM,2897,525,1087,1285,10858,599,2639,7620,2490,379,1281,830,194345,22118,56210,116017,884013,26115,136264,721634,148563,15877,66242,66444,443883,18725,69367,355791,2491665,21222,165085,2305358,292230,12786,83057,196387
08/01/2010 12:00:00 AM,3404,644,1276,1484,10706,419,2504,7783,3252,464,1141,1647,220089,26926,65632,127531,879653,18088,128351,733214,215729,18899,57719,139111,479574,22808,80305,376460,2509570,15852,158374,2335344,487479,17326,71732,398421
09/01/2010 12:00:00 AM,3190,391,1283,1516,11086,944,2243,7899,3570,916,1022,1632,215952,17150,66395,132407,887989,43254,113864,730871,224288,42316,51908,130064,498909,13505,82958,402446,2507686,30326,144901,2332459,488953,27625,68154,393175
10/01/2010 12:00:00 AM,2956,358,1055,1543,11679,753,2642,8284,3549,167,1454,1928,199691,15485,54320,129886,939094,34535,134804,769755,250796,6766,75260,168770,482236,12245,67720,402271,2706698,24295,170506,2511897,669441,6195,93494,569752
11/01/2010 12:00:00 AM,3934,873,1468,1593,12231,1130,2592,8509,4486,1250,1418,1818,252626,38217,75113,139295,968820,48790,131552,788478,282351,52472,71861,158018,549720,28036,95140,426545,2817033,36640,169377,2611016,641182,40380,92937,507866
12/01/2010 12:00:00 AM,3074,734,1118,1222,11990,904,2526,8560,2833,508,1052,1273,190778,31556,56473,102749,968864,39860,129146,799858,190821,22626,54066,114129,421121,22456,70807,327858,2853555,30469,162756,2660330,448340,16277,62791,369272
01/01/2011 12:00:00 AM,2727,287,1020,1420,11854,757,2383,8714,2591,140,877,1574,186968,12848,53266,120854,975082,33288,119872,821923,193186,6276,43991,142919,467484,9760,65802,391923,3012947,25407,151991,2835549,615787,4644,54485,556658
02/01/2011 12:00:00 AM,3575,316,1521,1738,11819,623,2465,8731,3540,182,1603,1755,240450,14086,78268,148096,968677,27416,123170,818090,234044,8214,81567,144264,583314,11235,99639,472440,3006889,21349,155953,2829587,561682,6374,102481,452827
03/01/2011 12:00:00 AM,3258,406,1130,1722,11480,430,2164,8886,2919,213,829,1877,216760,17634,55762,143364,956537,19112,107811,829613,204620,9330,40403,154888,542180,14198,73731,454251,3068555,14934,138188,2915433,585602,7730,54407,523465
04/01/2011 12:00:00 AM,3793,567,1445,1781,12490,1233,2673,8584,4803,1370,1954,1479,257579,24969,72519,160090,999813,53898,139285,806630,300855,59755,103993,137107,685489,17795,97282,570413,3130311,37789,177770,2914752,732169,40650,136086,555433
05/01/2011 12:00:00 AM,3164,413,1118,1633,12943,1458,2597,8888,3617,638,1042,1937,211437,18436,56251,136750,1013938,64138,134749,815051,225561,28676,51714,145171,529014,13596,73522,441897,3135625,49142,173563,2912920,518393,24004,68969,425420
06/01/2011 12:00:00 AM,3585,854,1277,1454,12880,1299,3050,8531,3522,695,1730,1097,226045,37150,64747,124147,1006147,58211,154943,792993,218254,31223,84942,102089,540208,28628,85472,426108,3090315,44411,197461,2848443,481809,23764,108951,349094
07/01/2011 12:00:00 AM,3442,533,1431,1478,11888,1064,2479,8345,2450,298,860,1292,217641,23902,72655,121084,937965,46233,123604,768128,149458,11924,41316,96219,502844,18743,96110,387991,2991587,36971,158077,2796539,387369,11280,55992,320098
08/01/2011 12:00:00 AM,3444,612,1238,1594,11577,598,2905,8074,3133,146,1664,1323,220818,26710,62132,131975,921272,25213,145919,750140,204125,5690,84448,113987,541289,21122,83337,436830,2972509,21294,194931,2756284,506491,5444,118719,382328
09/01/2011 12:00:00 AM,2995,320,909,1766,12167,942,2768,8457,3585,664,772,2149,207309,14395,47101,145813,949360,41720,139015,768626,235397,30902,40196,164299,574577,12422,61817,500339,3099279,35092,187824,2876364,683158,26214,52775,604168
10/01/2011 12:00:00 AM,3116,298,1188,1630,11533,650,2615,8268,2482,6,1035,1441,213854,12879,59581,141394,920442,29028,130671,760744,184936,187,51237,133512,605721,11197,80287,514238,3066953,24130,180823,2862000,549468,235,72945,476288
11/01/2011 12:00:00 AM,2826,196,1348,1282,11573,477,2270,8826,2866,23,1003,1840,185928,8585,66310,111034,930950,21399,112730,796821,196437,956,48369,147112,491540,7119,92580,391840,3154784,17917,157111,2979756,574258,872,68489,504897
12/01/2011 12:00:00 AM,2201,197,945,1059,11627,300,2545,8782,2255,20,1220,1015,144941,8552,46880,89509,930443,13687,126018,790737,144434,840,60169,83425,393721,7211,66720,319789,3144650,11456,178708,2954486,378987,750,87947,290290
01/01/2012 12:00:00 AM,2822,497,950,1375,11148,233,2664,8251,2374,403,1060,911,185515,25108,47138,113269,880013,10282,131283,738448,138967,20511,52072,66384,491792,20638,68302,402853,2988252,8917,187891,2791444,329776,16822,74374,238580
02/01/2012 12:00:00 AM,2793,98,1009,1686,11087,135,2440,8512,2732,,785,1947,193424,4505,50009,138910,866917,5777,119175,741965,180327,,37901,142426,572129,3705,71794,496630,2983121,5213,173677,2804231,545735,,57145,488590
03/01/2012 12:00:00 AM,2697,73,1056,1568,11604,149,2707,8748,3214,87,1323,1804,186222,3041,53183,129999,903401,6349,135221,761831,222706,3613,69228,149865,567500,2830,74770,489900,3151020,6000,189545,2955475,712625,3578,90731,618316
04/01/2012 12:00:00 AM,2606,137,1109,1360,11897,357,2967,8573,2899,345,1369,1185,169784,5644,55657,108482,925903,15718,147937,762248,192286,15013,68373,108900,490226,4623,80862,404741,3258793,13143,213528,3032121,585263,11736,103323,470203
05/01/2012 12:00:00 AM,2347,142,965,1240,11626,215,2611,8800,2076,,609,1467,151820,6082,47220,98518,920921,9636,130025,781260,146837,,29308,117529,452601,4904,68831,378865,3332262,8278,188784,3135200,508037,,43845,464192
06/01/2012 12:00:00 AM,2721,149,1081,1491,12603,499,3166,8938,3698,433,1636,1629,182741,7168,53690,121883,981785,22073,158157,801555,243606,19605,81823,142178,536436,5734,79294,451407,3493019,18163,229025,3245830,687335,15619,117704,554012
07/01/2012 12:00:00 AM,2543,80,1134,1329,11787,428,2860,8499,1727,9,828,890,170527,3327,56449,110751,939003,19079,141941,777982,127745,333,40233,87179,495540,2647,82463,410431,3470819,15911,208457,3246450,451961,374,61009,390579
08/01/2012 12:00:00 AM,2664,88,1156,1420,11267,370,2369,8528,2144,30,665,1449,175810,3499,57501,114809,911186,16750,116043,778393,147993,1170,31603,115220,528229,3127,85728,439374,3452161,14104,170140,3267917,493173,1320,46045,445807
09/01/2012 12:00:00 AM,2313,26,929,1358,11809,333,2510,8966,2855,-11,1070,1796,157446,1016,45777,110653,943970,15227,123721,805022,190230,-507,53455,137282,516708,598,69580,446530,3583767,13062,183235,3387470,637914,-464,81917,556461
10/01/2012 12:00:00 AM,2176,54,836,1286,12127,283,2334,9510,2494,4,660,1830,151611,2044,43047,106521,983793,13291,116770,853732,191435,108,36096,155230,486368,1715,63476,421177,3749274,11519,174223,3563532,636353,172,53099,583081
11/01/2012 12:00:00 AM,2140,131,763,1246,12354,327,2596,9431,2367,175,1025,1167,141945,5394,38167,98384,981791,14842,128256,838694,139943,6945,49652,83346,435598,5385,57810,372403,3679359,13466,189849,3476045,352643,7332,72480,272832
12/01/2012 12:00:00 AM,1820,79,683,1058,12337,248,2523,9566,1803,,610,1193,123298,3293,34003,86001,985810,11549,124465,849796,127316,,30212,97104,401264,3270,51982,346012,3786785,10195,187954,3588636,488754,,49977,438777
01/01/2013 12:00:00 AM,2090,0,856,1234,12106,231,2475,9400,1911,-140,600,1451,144442,30,42667,101745,1002090,10910,124310,866870,159267,-6892,29354,136805,476755,-210,67643,409321,3934312,9932,190936,3733444,615869,-7153,47610,575411
02/01/2013 12:00:00 AM,2385,28,979,1378,11425,330,2218,8877,1704,127,722,855,164987,1434,48343,115211,950846,15279,112793,822774,113743,5803,36826,71115,573423,1181,77230,495012,3809299,15415,173133,3620752,427097,6417,59083,361597
03/01/2013 12:00:00 AM,2452,45,1127,1280,11565,385,2334,8846,2592,100,1243,1249,167291,1511,56695,109085,958401,17607,117044,823749,174846,3839,60946,110061,558977,1594,90563,466821,3873936,18380,185352,3670204,606996,4390,102374,500232
04/01/2013 12:00:00 AM,1912,57,799,1056,11474,328,2091,9055,1821,0,556,1265,139796,2601,40377,96818,965933,15006,102812,848115,147328,0,26145,121183,473023,2175,66075,404773,3951785,16066,166433,3769285,536091,0,45939,490152
05/01/2013 12:00:00 AM,2340,4,845,1491,12241,324,2604,9313,3107,0,1358,1749,163814,164,41762,121888,1002959,14842,130359,857758,200840,0,69309,131531,559661,26,67497,492139,4055212,16041,210537,3828634,648897,0,111314,537584
06/01/2013 12:00:00 AM,2638,-2,1118,1522,11758,446,1962,9350,2155,120,476,1559,180452,-324,56451,124324,981196,20012,97625,863558,158689,4847,23717,130125,615623,-280,90679,525223,4050626,21666,157697,3871263,591517,5342,36934,549241
07/01/2013 12:00:00 AM,2295,-28,882,1441,11912,474,1999,9439,2449,0,919,1530,155921,-1485,44397,113009,981267,21497,102846,856923,155992,0,49618,106374,543875,-1622,72284,473214,4025790,23289,165631,3836870,495508,0,79713,415795
08/01/2013 12:00:00 AM,2832,-9,990,1851,11745,494,2104,9147,2665,11,1095,1559,198209,-495,50248,148455,963329,22272,105326,835731,180270,279,52728,127263,708502,-368,82163,626707,3990928,24184,174435,3792309,640245,528,90519,549198
09/01/2013 12:00:00 AM,2754,-14,1274,1494,12712,524,2516,9672,3721,16,1686,2019,181651,-909,63468,119093,1033447,23645,124894,884909,251770,464,83035,168271,587391,-799,104542,483648,4240405,25761,203751,4010893,811706,778,133327,677601
10/01/2013 12:00:00 AM,3041,-13,1516,1538,13243,537,2259,10447,3572,0,1259,2313,202454,-830,75244,128040,1080249,24475,109247,946527,249256,0,59598,189658,724200,-739,123465,601474,4561030,26500,187446,4347084,1024896,0,104211,920685
11/01/2013 12:00:00 AM,2367,-17,1095,1289,14820,560,2899,11361,3944,6,1735,2203,151362,-961,55086,97236,1163880,25586,139114,999181,234993,150,84953,149890,489234,-949,89956,400227,4859262,27728,237884,4593650,777861,279,141691,635891
12/01/2013 12:00:00 AM,1995,5,1027,963,14105,115,2649,11341,1280,-440,777,943,123860,-107,51240,72727,1130417,4526,128952,996939,90396,-21167,41078,70485,389413,-68,84527,304954,4786247,5174,217058,4564015,306571,-22622,62997,266196
01/01/2014 12:00:00 AM,2483,227,911,1345,13558,80,2052,11426,1936,192,314,1430,162305,9749,44886,107670,1114805,3225,99458,1012123,146694,8448,15392,122853,575315,10202,73338,491776,4854345,3612,168272,4682461,618599,8640,23528,586430
02/01/2014 12:00:00 AM,2423,149,1013,1261,14252,1003,1905,11344,3117,1072,866,1179,161542,6428,50831,104283,1136734,46173,92660,997902,183471,49376,44033,90062,552603,6549,84917,461137,4825594,45018,159683,4620893,501726,47955,76084,377688
03/01/2014 12:00:00 AM,3108,865,895,1348,13818,970,1678,11170,2674,832,668,1174,190593,40290,44729,105575,1105583,44907,82508,978168,159442,39024,34577,85841,571001,39034,74092,457875,4722585,43809,141047,4537728,452127,37825,55276,359027
04/01/2014 12:00:00 AM,2244,462,697,1085,13951,628,2013,11310,2377,120,1032,1225,144867,21355,34312,89201,1112686,29193,96772,986721,151970,5640,48577,97754,478439,20925,58763,398751,4738364,28318,169688,4540358,478456,5433,86250,386773
05/01/2014 12:00:00 AM,2570,792,787,991,14282,1036,2268,10978,2901,1200,1042,659,159330,37139,39200,82990,1127056,48453,112492,966111,173700,56400,54920,62380,473119,35860,66403,370856,4734708,46789,193110,4494809,455796,54331,89503,311963
06/01/2014 12:00:00 AM,2802,1256,696,850,13917,554,2229,11134,2437,774,657,1006,164709,58828,34786,71095,1121698,25879,110809,985011,159351,36254,33102,89995,436215,56854,58493,320869,4875367,25012,192298,4658057,564186,35076,57572,471538
07/01/2014 12:00:00 AM,2169,466,809,894,13832,88,2346,11398,2084,0,926,1158,137140,21830,40514,74795,1115238,4049,115329,995860,130679,0,45035,85644,434863,21057,68544,345262,4881835,3954,200938,4676942,428576,0,76955,351621
08/01/2014 12:00:00 AM,2203,140,861,1202,13577,28,2457,11092,1948,80,972,896,150535,6351,42667,101516,1090809,939,120445,969426,126106,3241,47783,75082,553330,6197,73544,473588,4802697,1386,201871,4599440,463023,3629,73726,385668
09/01/2014 12:00:00 AM,2050,11,886,1153,14077,17,2582,11478,2550,0,1011,1539,141259,382,44227,96650,1118765,557,127633,990575,169214,0,51416,117799,525643,559,72870,452215,4976131,811,219114,4756207,684642,0,89664,594978
10/01/2014 12:00:00 AM,1769,-4,631,1142,14054,27,2507,11520,1746,6,556,1184,126015,6,31066,94943,1120186,800,123805,995581,127436,250,27237,99950,495784,-186,52330,443640,5050188,1302,210354,4838531,554165,306,43442,510417
11/01/2014 12:00:00 AM,1877,3,686,1188,14062,11,2694,11357,1885,-13,873,1025,132359,157,35994,96207,1115275,458,133378,981439,127447,-184,45567,82065,506698,159,59120,447419,4981184,546,222983,4757655,430467,-598,71383,359681
12/01/2014 12:00:00 AM,1533,-3,825,711,14209,700,2202,11307,1680,686,333,661,98321,-34,42357,55998,1113880,31300,108315,974264,96926,30808,17295,48823,321163,-152,68721,252594,4962404,31378,179766,4751260,285378,30656,24651,230072
01/01/2015 12:00:00 AM,2886,765,989,1132,13563,55,2174,11334,2240,120,961,1159,175312,34009,50236,91066,1083680,2310,105485,975885,145111,5019,47406,92687,541334,34593,82994,423747,5028682,2628,178849,4847206,588141,5659,81166,501317
02/01/2015 12:00:00 AM,2085,42,853,1190,13046,13,1908,11125,1568,0,587,981,141816,1763,42657,97396,1053180,547,90971,961663,111316,0,28142,83173,543143,2003,70755,470385,4994002,625,159425,4833952,490492,0,50030,440462
03/01/2015 12:00:00 AM,1996,14,729,1253,14507,168,2983,11356,3457,169,1804,1484,135177,587,36108,98482,1137691,7032,150143,980517,219688,7072,95281,117336,528189,689,60476,467024,5210274,8072,236610,4965592,738463,8136,138074,592252
04/01/2015 12:00:00 AM,2508,555,788,1165,14301,235,2804,11262,2302,622,609,1071,161320,24883,39042,97395,1127357,9525,141655,976177,150985,27376,30554,93055,574062,26046,65502,482514,5225957,11126,222815,4992017,570217,29100,51228,489889
05/01/2015 12:00:00 AM,1996,54,916,1026,15170,251,2873,12046,2865,70,985,1810,131123,1830,45149,84143,1198733,10311,144904,1043519,202499,2616,48398,151485,486141,2682,78300,405160,5561415,11857,236855,5312703,805870,3308,91404,711158
06/01/2015 12:00:00 AM,2063,50,1013,1000,14524,201,2126,12197,1417,0,266,1151,131116,1881,49863,79372,1188044,8430,108380,1071234,120427,0,13339,107088,463804,2424,87882,373497,5708160,9434,171382,5527343,592995,0,22296,570699
07/01/2015 12:00:00 AM,1987,95,666,1226,15079,586,2493,12000,2542,480,1033,1029,133047,3094,31952,98001,1199560,20433,128167,1050960,144563,15097,51740,77727,533214,4720,54154,474340,5667258,28368,203443,5435447,482424,23645,85895,372885
08/01/2015 12:00:00 AM,2005,105,580,1320,15426,481,2416,12529,2352,0,503,1849,136862,3257,28682,104923,1226876,17176,122544,1087156,164178,0,23060,141118,559433,5140,48310,505983,5886620,23310,200785,5662525,760864,0,44957,715906
09/01/2015 12:00:00 AM,2698,285,1028,1385,14745,196,2237,12312,2017,0,849,1168,160504,8958,48420,103127,1183783,8218,112119,1063445,117411,0,37995,79416,606060,14064,90417,501579,5782645,9246,189144,5584254,478899,0,77227,401671
10/01/2015 12:00:00 AM,2100,13,834,1253,15137,207,2785,12145,2492,24,1382,1086,139063,535,40887,97640,1196944,8763,137980,1050201,152224,1080,66748,84396,562046,644,76646,484756,5781496,9778,248483,5523236,544873,1176,136040,407657
11/01/2015 12:00:00 AM,1880,28,692,1160,15091,59,2516,12516,1832,-120,423,1529,122494,1172,33937,87385,1199566,2551,125458,1071556,125115,-5040,21416,108740,485875,1260,62734,421880,5878458,2834,224680,5650944,556929,-5683,36952,525660
12/01/2015 12:00:00 AM,1705,0,770,935,15459,59,2927,12473,2071,0,1181,890,112636,0,37333,75303,1214119,2551,143500,1068067,127189,0,55375,71814,470152,0,68972,401180,5947921,2834,267342,5677746,528032,0,111588,416444
01/01/2016 12:00:00 AM,1842,-40,654,1228,14818,99,2657,12062,1271,0,667,604,120343,-1320,31525,90138,1165782,3871,131191,1030719,75947,0,32473,43474,501653,-1972,58302,445323,5749363,4806,241760,5502797,290259,0,58523,231735
02/01/2016 12:00:00 AM,1891,69,613,1209,14486,158,2452,11876,1559,128,408,1023,121070,3439,30042,87590,1142311,6006,120145,1016160,97599,5573,18995,73031,488451,3349,56933,428169,5668252,7714,223304,5437233,388927,6231,37122,345574
03/01/2016 12:00:00 AM,2138,64,793,1281,14220,226,2252,11742,1872,132,593,1147,145198,2911,37649,104637,1128677,7741,103017,1017919,131564,4647,20521,106397,655470,3243,73308,578920,5640341,12072,214086,5414183,607298,7601,63457,536241
04/01/2016 12:00:00 AM,2215,78,1047,1090,15548,276,2700,12572,3543,128,1495,1920,134426,2697,48736,82993,1210857,10618,122456,1077783,216605,5573,68175,142857,505424,4165,96200,405059,5984151,14140,259060,5710951,829685,6233,140140,683312
05/01/2016 12:00:00 AM,3126,781,794,1551,15209,335,2253,12621,2787,840,347,1600,190450,34816,38070,117564,1195750,15282,102178,1078290,175343,39480,17792,118071,695197,40586,73557,581053,5977436,16912,216523,5744001,674437,43358,30598,600481
06/01/2016 12:00:00 AM,3123,160,1502,1461,16302,239,3300,12763,4216,64,2549,1603,183624,6944,68532,108148,1235398,11125,148730,1075543,223271,2787,115084,105401,745400,7722,145717,591961,6177285,12225,324844,5840216,922972,3081,253598,666292
07/01/2016 12:00:00 AM,4951,2207,1177,1567,16674,762,2741,13171,5323,2730,618,1975,267986,103699,56058,108229,1245786,35736,122639,1087410,278374,128310,29967,120097,815719,113890,117933,583897,6235455,39621,271210,5924623,857817,141286,64318,652213
08/01/2016 12:00:00 AM,5080,2294,1407,1379,17064,1051,2876,13137,5470,2583,1542,1345,267158,107808,60425,98925,1254089,49329,133312,1071448,275461,121401,71098,82962,796895,119188,140647,537059,6290558,54883,280796,5954879,835950,134450,149931,551568
09/01/2016 12:00:00 AM,2433,605,779,1049,16943,446,2999,13498,2312,0,902,1410,141476,28415,36915,76146,1250317,20914,140367,1089037,137704,0,43970,93735,520421,31789,77215,411417,6321663,23094,291501,6007068,534451,0,86953,447498
10/01/2016 12:00:00 AM,2486,397,937,1152,16665,289,3216,13160,2397,240,1131,1026,147112,18573,44824,83715,1236794,13449,154032,1069313,146526,11108,56879,78539,574647,21352,94021,459274,6220530,15028,312341,5893161,533372,13286,111652,408434
11/01/2016 12:00:00 AM,3039,989,905,1145,16823,60,3297,13466,3197,760,986,1451,168845,41164,42974,84707,1254715,2678,158787,1093250,186751,30392,47729,108630,603073,54420,90098,458555,6363163,3091,324118,6035954,721511,42483,101260,577768
12/01/2016 12:00:00 AM,1845,430,629,786,16669,446,2971,13252,1700,816,303,581,110699,20116,30467,60116,1239087,20828,142152,1076107,96444,38266,13831,44347,421822,23572,63479,334771,6218345,24278,293132,5900935,272692,44711,32385,195595
01/01/2017 12:00:00 AM,2179,383,955,841,17000,255,3243,13502,2505,192,1203,1110,130437,17901,46402,66134,1267003,11865,156415,1098723,157673,8938,59650,89085,491491,20953,100278,370261,6294393,13831,328304,5952258,550271,10522,132105,407644
02/01/2017 12:00:00 AM,2536,230,1102,1204,16923,169,3017,13737,2459,144,876,1439,151731,10710,54258,86764,1264271,7752,141546,1114974,149145,6596,39389,103160,586787,12546,113976,460265,6383348,9068,308243,6066037,646939,7783,93340,545816
03/01/2017 12:00:00 AM,2120,213,796,1111,17122,484,2761,13877,2345,528,540,1277,125848,9939,38962,76947,1262446,22628,128780,1111037,126043,24816,26196,75031,501954,11821,81902,408231,6345414,26350,284713,6034351,453871,28907,57218,367746
04/01/2017 12:00:00 AM,1862,322,575,965,16823,186,2763,13874,1563,24,577,962,115705,15066,27776,72863,1254218,8738,129864,1115616,107397,1176,28860,77362,475076,17727,58091,399259,6390807,10211,288007,6092589,506724,1587,62124,443012
05/01/2017 12:00:00 AM,2565,190,1437,938,16985,8,3216,13761,2727,12,1890,825,140441,8930,62008,69502,1250093,372,148291,1101430,136373,564,80435,55374,539701,10463,154892,374345,6457028,450,343625,6112953,596063,703,210497,384863
06/01/2017 12:00:00 AM,1746,3,778,965,17158,5,2929,14224,1919,0,491,1428,110966,141,35430,75395,1270492,231,133209,1137051,131317,0,20349,110968,505334,164,82538,422632,6688415,286,314420,6373709,713665,0,53058,660607
07/01/2017 12:00:00 AM,2193,4,1113,1076,17618,1,3409,14208,2653,0,1593,1060,131937,188,51741,80008,1291437,43,154753,1136640,152882,0,73285,79597,571134,234,117455,453445,6853504,52,362081,6491371,714485,0,164334,550151
08/01/2017 12:00:00 AM,1874,0,769,1105,17833,1,3000,14832,2089,0,360,1729,116533,0,36498,80035,1305901,43,135920,1169938,130997,0,17664,113333,514177,0,82639,431538,6997693,52,319562,6678080,628548,0,39998,588550
09/01/2017 12:00:00 AM,1921,0,855,1066,17762,1,3169,14592,1850,0,1024,826,112794,0,33627,79167,1294171,43,145205,1148922,101063,0,42912,58151,525334,0,96023,429311,6965599,52,339486,6626062,466366,0,115576,350789
10/01/2017 12:00:00 AM,1718,0,586,1132,19271,1,3831,15439,3227,0,1248,1979,109991,0,28777,81213,1378813,43,176967,1201803,194633,0,60539,134094,507377,0,64769,442608,7338014,52,413533,6924429,859410,0,138331,721079
11/01/2017 12:00:00 AM,1771,0,598,1173,19053,1,3708,15344,1553,0,475,1078,112644,0,28285,84359,1359228,43,168600,1190585,93060,0,19919,73141,549382,0,65811,483571,7243972,52,402376,6841545,446070,0,54440,391630
12/01/2017 12:00:00 AM,2244,66,847,1331,20160,31,4206,15923,3351,96,1345,1910,144225,3102,39279,101844,1431696,1453,190135,1240108,216693,4512,60813,151367,680442,3830,92051,584561,7712748,1793,467908,7243048,1111998,5571,155565,950861
01/01/2018 12:00:00 AM,3077,39,1801,1237,20724,47,5032,15645,3641,55,2627,959,177067,1735,81704,93628,1442768,2111,230149,1210508,188139,2393,121718,64028,719176,2260,204622,512295,7729839,2675,559195,7167969,695652,3139,294933,397580
02/01/2018 12:00:00 AM,2781,-38,1796,1023,20722,55,5277,15390,2779,-30,2041,768,150647,-1660,79993,72314,1438904,2469,241333,1195102,146782,-1303,91177,56908,623416,-2044,205199,420261,7732818,3079,588123,7141616,606406,-1641,233000,375047
03/01/2018 12:00:00 AM,2403,34,1382,987,19850,37,4648,15165,1531,16,753,762,134289,1552,63664,69073,1398729,1738,214740,1182251,94115,822,37071,56222,555183,1930,156504,396749,7648923,2067,519399,7127456,451725,919,86894,363912
04/01/2018 12:00:00 AM,1928,20,1103,805,18563,17,4011,14535,641,0,466,175,109173,996,50435,57742,1320849,743,184772,1135334,31293,0,20468,10825,443374,1137,122963,319274,7320079,930,446756,6872394,97560,0,50324,47236
05/01/2018 12:00:00 AM,2589,6,1744,839,19683,11,4973,14699,3709,0,2706,1003,133306,261,74864,58182,1368356,482,216233,1151641,180814,0,106325,74489,548034,328,211592,336114,7643002,602,583446,7058954,850886,0,346198,504688
06/01/2018 12:00:00 AM,2209,205,1315,689,18182,8,3774,14400,708,202,116,390,115177,6405,59054,49718,1286506,340,163001,1123166,33326,6262,5821,21243,461386,12804,154139,294444,7316111,446,444060,6871606,125353,12647,13008,99697
07/01/2018 12:00:00 AM,1821,4,996,821,18166,4,3840,14322,1805,0,1062,743,102898,161,46232,56504,1280267,178,167257,1112832,96659,0,50489,46170,448046,227,114131,333689,7270617,219,451408,6818990,395278,0,120917,274360
08/01/2018 12:00:00 AM,3185,0,1960,1225,18632,4,4152,14476,3651,0,2272,1379,168052,0,85959,82093,1281550,178,183758,1097614,169335,0,102460,66875,737098,0,254899,482199,7290374,219,492945,6797209,740110,0,296061,444049
09/01/2018 12:00:00 AM,3044,0,2005,1039,19738,4,5682,14052,4150,0,3535,615,162322,0,86391,75932,1308119,178,246362,1061579,188891,0,148994,39897,722761,0,257255,465506,7283811,233,673667,6609911,697207,0,436839,260368
10/01/2018 12:00:00 AM,2461,4,1439,1018,18988,110,5120,13758,1711,110,877,724,133546,173,62754,70619,1270054,4761,222781,1042511,95481,4756,39174,51551,605798,228,174242,431328,7147385,6020,608455,6532909,460373,6016,108846,345512
11/01/2018 12:00:00 AM,3015,12,1971,1032,19757,107,5508,14142,3784,9,2359,1416,150867,519,82010,68337,1297870,4631,236822,1056416,178683,389,96051,82242,664854,661,253266,410927,7298268,5852,653697,6638719,794863,492,297999,496372
12/01/2018 12:00:00 AM,2452,39,1446,967,19526,92,5658,13776,2221,24,1596,601,122986,1584,63569,57834,1272932,3978,239911,1029043,98048,930,66657,30460,523348,2324,172865,348159,7179198,5040,676026,6498132,390069,1512,194684,193873
01/01/2019 12:00:00 AM,2257,10,1099,1148,18704,73,5054,13577,1435,-9,495,949,119061,428,48223,70410,1226617,3161,212556,1010900,72746,-389,20868,52267,576025,585,133886,441555,7058795,4228,609715,6444852,433590,-522,63302,370809
02/01/2019 12:00:00 AM,2545,153,1380,1012,18831,160,5040,13631,2672,240,1366,1066,122555,5044,54794,62716,1226115,5752,211269,1009095,122053,7635,53507,60911,594853,9579,182398,402876,7017147,9770,622437,6384939,532822,15120,190199,327503
03/01/2019 12:00:00 AM,1990,17,901,1072,18608,151,5036,13421,1767,8,897,862,110662,773,37822,72067,1209840,5363,210342,994135,94386,384,36895,57107,568388,959,115877,451552,7007516,9248,625389,6372879,536662,438,110610,425615
04/01/2019 12:00:00 AM,2419,118,1372,929,19134,47,5774,13313,2945,14,2110,821,125408,3998,60402,61008,1221859,2037,241413,978409,137427,672,91473,45282,584856,7292,180091,397472,6958525,2721,741435,6214368,512990,766,287670,224554
05/01/2019 12:00:00 AM,3324,116,2382,826,18433,41,4977,13415,2623,110,1585,928,154404,3506,97002,53896,1186908,1778,208946,976184,119453,3247,64535,51671,684046,9037,329741,345268,6811792,2373,636604,6172814,527382,8690,222628,296064
06/01/2019 12:00:00 AM,2483,53,1709,721,18596,37,5597,12962,2646,49,2329,268,123008,2525,69633,50850,1179165,1605,231848,945712,115265,2352,92535,20378,566561,2912,235210,328439,6731958,2142,732090,5997727,474284,2680,329307,142297
